title,year,format,barcode,imdb_id,runtime,director,watched,poster_url,box_set
Schindler's List,1993,DVD,5050582207774,tt0108052,187,Steven Spielberg,false,,
Lawrence of Arabia,1962,Blu-ray,043396406964,tt0056172,227,David Lean,false,,
Ring 2,2005,DVD,5023965332929,tt0218553,110,Hideo Nakata,false,,
Die Hard 2,1990,DVD,5039036000307,tt0099423,118,Renny Harlin,false,,
The Departed,2006,DVD,7321970132885,tt0407887,145,Martin Scorsese,false,,
George A. Romero's: Day Of The Dead,1985,DVD,5708758641357,tt0088993,97,George A. Romero,false,,
Your Name.,2016,Blu-ray,5705535059220,tt5311514,106,Makoto Shinkai,false,,
Sleepy Hollow,1999,DVD,7393805764769,tt0162661,101,Tim Burton,false,,
Den Sidste Kejser,1987,DVD,5709624003293,tt0093389,160,Bernardo Bertolucci,false,,
The Ladykillers,2004,DVD,7393834470907,tt0335245,100,Ethan Coen,false,,
Mother of Tears,2007,DVD,5705535038560,tt0804507,98,Dario Argento,false,,
Forbandelsen: The Grudge,2002,DVD,5050582250305,tt0364385,88,Takashi Shimizu,false,,
Wall Street,1987,DVD,5707020016534,tt0094291,120,Oliver Stone,false,,
Rosens navn,1986,DVD,7321979344760,tt0091605,126,Jean-Jacques Annaud,false,,
Austin Powers in Goldmember,2002,DVD,5706710213505,tt0295178,91,Jay Roach,false,,
Den Store Flugt,1963,DVD,5707020161791,tt0057115,165,John Sturges,false,,
The Break-Up,2006,DVD,5050582445398,tt0452594,102,Peyton Reed,false,,
Mary and Max,2009,DVD,5709624021723,tt0978762,88,Adam Elliot,false,,
Kannibalernes dronning,1978,DVD,5709498010076,tt0077945,99,Sergio Martino,false,,
The Wax Mask,1997,DVD,5709624007567,tt0119588,95,Sergio Stivaletti,false,,
Dogma,1999,DVD,5706102344664,tt0120655,124,Kevin Smith,false,,
Metropolis,2001,DVD,5051159120212,tt0293416,104,Rintaro,false,,
Pirates of the Caribbean: Den sorte forbandelse,2003,DVD,7393834381104,tt0325980,137,Gore Verbinski,false,,
Sex & Lucía,2001,DVD,5706550033493,tt0254455,120,Julio Medem,false,,
Sprængfarlig bombe,2006,DVD,5708758666985,tt0484368,88,Tomas Villum Jensen,false,,
Enemy of the State,1998,DVD,8717418102166,tt0120660,134,Tony Scott,false,,
Halloween,1978,DVD,5709624004856,tt0077651,87,John Carpenter,false,,
Lucky Luke - Pigtråd over prærien / Jesse James,1983,DVD,5709624009691,tt0000000,50,René Goscinny,false,,
Animal Kingdom,2010,DVD,5706141784209,tt1313092,112,David Michôd,false,,
Ali,2001,DVD,5708758654586,tt0248667,150,Michael Mann,false,,
Cool Runnings,1993,DVD,9398522325031,tt0106611,94,Jon Turteltaub,false,,
The Lord of the Rings: The Motion Picture Trilogy,2003,4K Ultra HD,7333018017948,tt0000000,201,,false,,
De fortabte børns by,1995,DVD,5050582418729,tt0112682,68,Marc Caro,false,,
Eastern Promises,2007,DVD,5706885216707,tt0765443,100,David Cronenberg,false,,
Jurassic Park Ultimate Trilogy,1900,Blu-ray,5050582914238,tt0000000,352,,false,,
Alien Quadrilogy Box Set,1900,DVD,5707020252314,tt0000000,95,,false,,
Panic Room,2002,DVD,5050582240498,tt0258000,107,David Fincher,false,,
The Ninth Gate,1999,DVD,5706141745644,tt0142688,136,Roman Polanski,false,,
The Wrestler,2008,DVD,5705535038508,tt1125849,109,Darren Aronofsky,false,,
Chihiro og heksene,2001,Blu-ray,5705535056328,tt0245429,125,Hayao Miyazaki,false,,
Kannibal massakren,1980,DVD,5709498010014,tt0078935,92,Ruggero Deodato,false,,
True Romance,1993,DVD,5705535031288,tt0108399,115,Tony Scott,false,,
Barton Fink,1991,DVD,5050582489644,tt0101410,114,Joel Coen,false,,
Once Were Warriors,1994,DVD,5706102331954,tt0110729,99,Lee Tamahori,false,,
Bugsy Malone,1976,DVD,5709624003255,tt0074256,90,Alan Parker,false,,
Once Upon a Time in... Hollywood,2019,4K Ultra HD,7330031007161,tt7131622,161,Quentin Tarantino,false,,
E.T. the Extra-Terrestrial,1982,DVD,3259190522695,tt0083866,115,Steven Spielberg,false,,
"O Brother, Where Art Thou?",2000,DVD,5708758640138,tt0190590,102,Joel Coen,false,,
Ponyo,2008,Blu-ray,5705535062459,tt0876563,0,Hayao Miyazaki,false,,
Aladdin,1992,DVD,8717418203771,tt0103639,87,Ron Clements,false,,
The Rainmaker,1997,DVD,7393805220463,tt0119978,130,Francis Ford Coppola,false,,
Dommedag Nu: Redux,2001,DVD,5706550032786,tt0078788,194,Francis Ford Coppola,false,,
Robin Hood - Den Fredløse,1991,DVD,7321979140010,tt0102798,149,Kevin Reynolds,false,,
Persepolis,2007,DVD,5704897021166,tt0808417,92,Mariane Satrapi,false,,
Deer Hunter,1978,DVD,5709624005365,tt0077416,176,Michael Cimino(VII),false,,
Busters verden,1984,DVD,5709624003156,tt0087013,91,Bille August,false,,
Little Miss Sunshine,2006,DVD,5707020334140,tt0449059,98,Jonathan Dayton,false,,
Juno,2007,DVD,5707019362802,tt0467406,92,Jason Reitman,false,,
25th Hour,2002,DVD,7393834334100,tt0307901,129,Spike Lee,false,,
Manderlay,2005,DVD,5705410661999,tt0342735,0,Lars Von Trier,false,,
The Royal Tenenbaums,2001,DVD,786936165425,tt0265666,110,Wes Anderson,false,,
Stalingrad,1993,DVD,5706102325724,tt0000000,132,Joseph Vilsmaier,false,,
Snuff Movie,1996,DVD,5703976143447,tt0117883,119,Alejandro Amenábar,false,,
Y Tu Mama Tambien,2001,DVD,7321900937788,tt0245574,101,Alfonso Cuarón,false,,
Audition,2002,DVD,5023965334022,tt0235198,111,Takashi Miike,false,,
Et smukt sind,2001,DVD,0667068832624,tt0268978,130,Ron Howard,false,,
Man on the Moon,1999,DVD,7321979186414,tt0125664,114,Milos Forman,false,,
The Constant Gardener,2005,DVD,5704017870575,tt0387131,0,Fernando Meirelles,false,,
Monas Verden,2001,DVD,5708758642897,tt0257930,85,Jonas Elmer,false,,
Dear Wendy,2005,DVD,5705410654410,tt0342272,0,Thomas Vinterberg,false,,
The Fisher King,1991,DVD,5050582193817,tt0101889,0,Terry Gilliam,false,,
Irréversible,2002,DVD,5706102359873,tt0290673,94,Gaspar Noé,false,,
City of God,2002,DVD,5706102362118,tt0317248,124,Fernando Meirelles,false,,
Ilsa: Haremmets slavepisker,1976,DVD,5706102357138,tt0074670,89,Don Edmonds,false,,
En Lang Forlovelse,2004,DVD,7321980389712,tt0344510,0,Jean-Pierre Jeunet,false,,
Sommer i Tyrol,1964,DVD,5706102328268,tt0058600,100,Erik Balling,false,,
Into the Wild,2007,DVD,7332431028920,tt0758758,142,Sean Penn,false,,
Monty Python's Life of Brian,1979,DVD,5035822538535,tt0079470,90,Terry Jones,false,,
Amelie,2001,DVD,5060021175281,tt0211915,116,Jean-Pierre Jeunet,false,,
Sweeney Todd: The Demon Barber of Fleet Street,2007,Blu-ray,5051895034521,tt0408236,116,Tim Burton,false,,
Støv På Hjernen,1961,DVD,5706550090274,tt0055487,100,Poul Bang,false,,
8MM: Otte millimeter,1999,DVD,5708758233989,tt0134273,119,Joel Schumacher,false,,
Bambi,1942,DVD,8717418294489,tt0034492,67,James Algar,false,,
American Beauty,1999,DVD,7332504000327,tt0169547,117,Sam Mendes,false,,
"Sex and the City, The Movie",2008,DVD,5706710217022,tt1000774,145,Michael Patrick King,false,,
Chok,1965,DVD,5709624013049,tt0059646,103,Roman Polanski,false,,
Inglourious Basterds,2009,DVD,5050582891775,tt0361748,0,Quentin Tarantino,false,,
Somewhere,2010,DVD,5706885221329,tt1421051,98,Sofia Coppola,false,,
Night Of The Living Dead,1968,DVD,5023965331328,tt0063350,96,George A. Romero,false,,
Cassandra's Dream,2007,DVD,5706102389450,tt0795493,104,Woody Allen,false,,
Oldboy,2003,DVD,7391970017376,tt0364569,115,Chan-wook Park,false,,
Leon,1994,DVD,7393834134106,tt0110413,106,Luc Besson,false,,
Phenomena,1985,DVD,5709624011670,tt0087909,105,Dario Argento,false,,
Ring 0,2000,DVD,5023965335425,tt0235712,99,Norio Tsuruta,false,,
En Verden Udenfor,1994,DVD,5709624004993,tt0111161,142,Frank Darabont,false,,
Good Will Hunting,1998,DVD,5706101542771,tt0119217,122,Gus Van Sant,false,,
Monster,2003,DVD,5706102260384,tt0340855,0,Patty Jenkins,false,,
Ed Wood,1994,DVD,5017188885997,tt0109707,121,Tim Burton,false,,
Gomorra,2008,DVD,5706102393594,tt0929425,132,Matteo Garrone,false,,
Fear and Loathing in Las Vegas,1998,DVD,8713045201685,tt0120669,120,Terry Gilliam,false,,
Scanners,1981,DVD,5709624008021,tt0081455,99,David Cronenberg,false,,
Blinkende Lygter,2000,DVD,5706102353246,tt0236027,109,Anders Thomas Jensen,false,,
Prinsesse Mononoke,1997,Blu-ray,5705535059510,tt0119698,135,Hayao Miyazaki,false,,
Permanent Vacation,1980,DVD,5709624015760,tt0084488,75,Jim Jarmusch,false,,
Gøgereden,1975,DVD,7321979374637,tt0073486,129,Milos Forman,false,,
De Uovervindelige,1987,DVD,7393805290060,tt0094226,115,Brian De Palma,false,,
Det Levende Slot,2004,DVD,5706102386640,tt0347149,119,Hayao Miyazaki,false,,
Når Vinden Rejser Sig,2013,DVD,5705535051040,tt2013293,122,Hayao Miyazaki,false,,
Into the Mirror (Asian version),2003,DVD,5050582270235,tt0372937,113,Seong-ho Kim,false,,
Grave of the Fireflies,1988,DVD,5705535049757,tt0095327,88,Isao Takahata,false,,
Black Hawk Down,2001,DVD,5706710213666,tt0265086,138,Ridley Scott,false,,
Meet The Feebles,1989,DVD,5709624008540,tt0097858,93,Peter Jackson,false,,
Olsen Banden På Spanden,1969,DVD,5708758650441,tt0064755,106,Erik Balling,false,,
Das Boot - Directors Cut,1981,DVD,5050582125580,tt0082096,216,Wolfgang Petersen,false,,
Dark Water,2002,DVD,4895043505348,tt0308379,101,Hideo Nakata,false,,
The Day After Tomorrow / Independence Day,1900,DVD,5707020000267,tt0000000,266,,false,,
Fucking Åmål,1998,DVD,5706102346774,tt0150662,86,Lukas Moodysson,false,,
Zodiac,2007,DVD,7321971110226,tt0443706,0,David Fincher,false,,
Broken Flowers,2005,DVD,5705410659163,tt0412019,0,Jim Jarmusch,false,,
Cube,1997,DVD,5706550031543,tt0123755,87,Vincenzo Natali,false,,
Hal's store kærlighed,2001,DVD,5707020229712,tt0256380,109,Bobby Farrelly,false,,
Coraline,2009,DVD,5050582706628,tt0327597,97,Henry Selick,false,,
Tintin og mig,2003,DVD,5706102377228,tt0378879,75,Anders Østergaard,false,,
Body Of Lies,2008,DVD,5051895004456,tt0758774,123,Ridley Scott,false,,
Battle Royale,2001,DVD,5023965335326,tt0266308,109,Kinji Fukasaku,false,,
The Virgin Suicides,1999,DVD,5706102353963,tt0159097,93,Sofia Coppola,false,,
Flugten Fra Hønsegården,2000,DVD,0678149094893,tt0120630,84,Peter Lord,false,,
Direktøren for det hele,2006,DVD,5705410669179,tt0469754,99,Lars Von Trier,false,,
Top Gun / Days of Thunder,1900,DVD,5014437966537,tt0000000,207,,false,,
Gangs of New York,2002,DVD,7393834185108,tt0217505,167,Martin Scorsese,false,,
Skyggen,2010,DVD,5706710217879,tt1139328,123,Roman Polanski,false,,
Men in Black Two Pack,1900,Blu-ray,5051162294078,tt0000000,186,,false,,
Zappa,1982,DVD,7090001790584,tt0088445,97,Bille August,false,,
There Will Be Blood,2007,DVD,8717418135782,tt0469494,151,Paul Thomas Anderson,false,,
Dracula,1992,DVD,5050582138818,tt0103874,123,Francis Ford Coppola,false,,
Seven,1995,DVD,5706550007371,tt0114369,122,David Fincher,false,,
Dr. Strangelove or: How I Learned to Stop Worrying and Love the Bomb,1964,DVD,5035822003590,tt0057012,90,Stanley Kubrick,false,,
The Blair Witch Project,1999,DVD,5708758293136,tt0185937,78,Daniel Myrick,false,,
Da Harry mødte Sally,1989,DVD,5707020160244,tt0098635,91,Rob Reiner,false,,
Once Upon a Time in America,1984,DVD,5051895200155,tt0087843,220,Sergio Leone,false,,
Forbandelsen II: The Grudge Fortsætter,2003,DVD,5050582270723,tt0367913,91,Takashi Shimizu,false,,
The Man Who Wasn't There,2001,DVD,5017239191381,tt0243133,111,Joel Coen,false,,
Fargo,1996,DVD,5706102334092,tt0116282,94,Joel Coen,false,,
Laputa: Slottet i himlen,1986,Blu-ray,5705535059978,tt0092067,0,Hayao Miyazaki,false,,
Night On Earth,1991,DVD,5709624015791,tt0102536,123,Jim Jarmusch,false,,
Big Fish,2003,DVD,5050582246469,tt0319061,120,Tim Burton,false,,
Donnie Darko,2001,DVD,5708758647281,tt0246578,108,Richard Kelly,false,,
Lilja 4-ever,2002,DVD,5706550033943,tt0300140,105,Lukas Moodysson,false,,
Æon Flux: The Complete Animated Collection,1995,DVD,7332431020870,tt0111873,213,Peter Chung,false,,
Lucky Luke - Den Syngende Tråd / Spor over Prærien,2003,DVD,5709624009752,tt0000000,50,René Goscinny,false,,
Hellraiser,1987,DVD,5709624007826,tt0093177,94,Clive Barker,false,,
The Aviator,2004,DVD,5705410654373,tt0338751,163,Martin Scorsese,false,,
Skønheden og Udyret,1991,DVD,8717418250423,tt0101414,91,Gary Trousdale,false,,
Pan's Labyrinth,2006,DVD,794043108877,tt0457430,119,Guillermo del Toro,false,,
Evil Dead 2: Dead by Dawn,1987,DVD,5060021175151,tt0092991,81,Sam Raimi,false,,
Beetlejuice,1988,DVD,7321937117856,tt0094721,92,Tim Burton,false,,
Motorcykel Dagbog,2003,DVD,5706550034544,tt0318462,121,Walter Salles,false,,
Children of Men,2006,DVD,5050582492491,tt0206634,105,Alfonso Cuarón,false,,
Scarface,1983,DVD,3259190305496,tt0086250,170,Brian De Palma,false,,
CKY2K,2001,DVD,730475826248,tt0362487,90,Bam Margera,false,,
Sidste Nat På Station 13,1976,DVD,5709624003705,tt0074156,87,John Carpenter,false,,
Titanic,1997,DVD,5039036022927,tt0120338,186,James Cameron,false,,
The Hills Have Eyes,2006,Blu-ray,7391772597342,tt0454841,108,Alexandre Aja,false,,
Citizen Kane,1941,DVD,5050582197051,tt0033467,119,Orson Welles,false,,
Blood Diamond,2006,DVD,085391152996,tt0450259,143,Edward Zwick,false,,
Dead Space: Downfall,2008,DVD,5051159232533,tt1267379,0,,false,,
Alfons Åberg Samlingbox,1979,DVD,7391970004666,tt1408434,161,,false,,
Phone,2002,DVD,5050582167627,tt0323630,102,Byeong-ki Ahn,false,,
Cat O'Nine Tails,1971,DVD,5709624011663,tt0065761,105,Dario Argento,false,,
Mission to Mars,2000,DVD,5706710212706,tt0183523,109,Brian De Palma,false,,
The Bride of Frankenstein,1935,DVD,3259190322097,tt0026138,75,James Whale,false,,
Find Nemo,2003,DVD,7393834406302,tt0266543,96,Andrew Stanton,false,,
Tell Me Something,1999,DVD,5050582236453,tt0220806,117,Yoon-Hyun Chang,false,,
Den Eneste Ene,1999,DVD,5706550031413,tt0167137,103,Susanne Bier,false,,
The Boondock Saints,1999,DVD,5706102344725,tt0144117,108,Troy Duffy,false,,
Sex and the City: The Complete Series,1998,DVD,7332431992597,tt0159206,2607,Michael Patrick King,false,,
Napoleon Dynamite,2004,DVD,9324915064874,tt0374900,91,Jared Hess,false,,
Requiem for a Dream,2000,DVD,5705535031356,tt0180093,98,Darren Aronofsky,false,,
Junglebogen,1967,DVD,8717418394363,tt0061852,75,Wolfgang Reitherman,false,,
Min nabo Totoro,1988,Blu-ray,5705535057967,tt0096283,86,Hayao Miyazaki,false,,
Princess,2006,DVD,5708758667036,tt0419073,77,Anders Morgenthaler,false,,
Nightmare,2000,DVD,5050582247497,tt0269266,0,Byeong-ki Ahn,false,,
Rango,2011,DVD,7332431036321,tt1192628,103,Gore Verbinski,false,,
Snatch,2000,DVD,5708758640480,tt0208092,99,Guy Ritchie,false,,
Taxi Driver,1976,DVD,5035822001930,tt0075314,109,Martin Scorsese,false,,
Mulholland Falls,1996,DVD,5706141758989,tt0117107,0,Lee Tamahori,false,,
Blue Velvet,1986,DVD,5706141787385,tt0090756,116,David Lynch,false,,
Short Cuts,1993,DVD,7332431030817,tt0108122,180,Robert Altman,false,,
Kiki - Den Lille Heks,1989,Blu-ray,5705535060172,tt0097814,0,Hayao Miyazaki,false,,
Men in Black 3,2012,Blu-ray,5051159296177,tt1409024,106,Barry Sonnenfeld,false,,
Django Unchained,2012,Blu-ray,5051159304872,tt1853728,165,Quentin Tarantino,false,,
Tenebre,1982,DVD,5709624011687,tt0084777,110,Dario Argento,false,,
Porco Rosso - Den Flyvende Gris,1992,Blu-ray,5705535060073,tt0104652,94,Hayao Miyazaki,false,,
Bruce Campbell vs. Army of Darkness,1992,DVD,013131210194,tt0106308,96,Sam Raimi,false,,
What Becomes Of The Broken Hearted?,1999,DVD,5706550014416,tt0197094,108,Ian Mune,false,,
Mean Streets,1973,DVD,5706101547110,tt0070379,107,Martin Scorsese,false,,
The Straight Story,1999,DVD,6867449003498,tt0166896,107,David Lynch,false,,
The Uninvited,2003,DVD,5050582236095,tt0358345,127,Su-yeon Lee,false,,
The Texas Chainsaw Massacre,1974,Blu-ray,5028836040385,tt0072271,84,Tobe Hooper,false,,
Lucky Luke - Vejen til Oklahoma / Slægtsfejden,1983,DVD,5709624009738,tt0000000,50,René Goscinny,false,,
Traffic,2000,DVD,5706141753366,tt0181865,148,Steven Soderbergh,false,,
A Clockwork Orange,1971,DVD,7321979211505,tt0066921,131,Stanley Kubrick,false,,
Rushmore,1998,DVD,717951002983,tt0128445,93,Wes Anderson,false,,
Lucky Luke - Dalton City / De Sorte Bjerge,1983,DVD,5709624009714,tt0000000,50,René Goscinny,false,,
Infernal Affairs,2002,DVD,5050582232882,tt0338564,97,Wai-keung Lau,false,,
Baronessen fra benzintanken,1960,DVD,5706550090212,tt0053636,81,Annelise Reenberg,false,,
Ilsa: Hun-Tigeren fra Sibirien,1977,DVD,5706102357145,tt0078398,92,Jean LaFleur,false,,
Platoon,1986,DVD,5707020158838,tt0091763,115,Oliver Stone,false,,
Arriettys hemmelige verden,2010,Blu-ray,5705535044714,tt1568921,94,Hiromasa Yonebayashi,false,,
Edward Saksehånd,1990,DVD,5707020018675,tt0099487,103,Tim Burton,false,,
Ring,2001,DVD,5023965332028,tt0178868,91,Hideo Nakata,false,,
V for Vendetta,2005,DVD,012569823792,tt0434409,132,James McTeigue,false,,
Suspiria,1977,DVD,5709624007987,tt0076786,98,Dario Argento,false,,
Wishing Stairs (Asian version),2003,DVD,5050582270426,tt0370082,100,Jae-yeon Yun,false,,
Cirkeline: 3-DVD Box-set,1900,DVD,5709498080321,tt0000000,0,,false,,
Hollywood Ending,2002,DVD,5706141756640,tt0278823,108,Woody Allen,false,,
Bagdad Café,1987,DVD,5709624012264,tt0095801,104,Percy Adlon,false,,
Dogville,2003,DVD,5708758648400,tt0276919,160,Lars Von Trier,false,,
Jarhead,2005,DVD,5050582415513,tt0418763,123,Sam Mendes,false,,
The Machinist,2004,DVD,5706102262258,tt0361862,0,Brad Anderson,false,,
Løvernes konge,1994,Blu-ray,8717418306366,tt0110357,85,Roger Allers,false,,
De Andres Liv,2006,DVD,5706550008958,tt0405094,124,Florian Henckel von Donnersmarck,false,,
The Fog,1980,DVD,5050582483840,tt0080749,86,John Carpenter,false,,
Nausicaä - fra vindenes dal,1984,Blu-ray,5705535060011,tt0087544,116,Hayao Miyazaki,false,,
The Last Horror Movie,2003,DVD,5708758659895,tt0319728,76,Julian Richards,false,,
Bird with the Crystal Plumage,1970,DVD,5709624011656,tt0065143,93,Dario Argento,false,,
The Science of Sleep,2006,DVD,5706710216643,tt0354899,102,Michel Gondry,false,,
CKY 3,2002,DVD,673041900693,tt0362486,60,Bam Margera,false,,
Dark Shadows,2012,Blu-ray,5051895206256,tt1077368,112,Tim Burton,false,,
"Tiger på spring, drage i skjul",2000,DVD,5706550008644,tt0190332,115,Ang Lee,false,,
Slumdog Millionaire,2008,DVD,5706710220824,tt1010048,115,Danny Boyle,false,,
Bænken,2000,DVD,5706102352348,tt0245027,89,Per Fly,false,,
The Evil Dead,1981,DVD,5060020620195,tt0083907,85,Sam Raimi,false,,
Once Upon a Time in the West,1968,DVD,7332431009677,tt0064116,159,Sergio Leone,false,,
The Pianist,2002,DVD,5050582202366,tt0253474,143,Roman Polanski,false,,
Control,2007,DVD,5706102398384,tt0421082,120,Anton Corbijn,false,,
Portland,1996,DVD,5707708000152,tt0117363,100,Niels Arden Oplev,false,,
Spider,2002,DVD,5706102355974,tt0278731,95,David Cronenberg,false,,
Thank you for smoking,2005,DVD,5706141778277,tt0427944,88,Jason Reitman,false,,
Micmacs,2009,DVD,5706102297489,tt1149361,100,Jean-Pierre Jeunet,false,,
Ilsa: Hun-Ulven fra SS,1975,DVD,5706102357152,tt0071650,92,Don Edmonds,false,,
Solaris,2002,DVD,5707020242834,tt0307479,94,Steven Soderbergh,false,,
Back to the Future: The Ultimate Trilogy,1900,4K Ultra HD,5053083222338,tt0000000,342,,false,,
Fraggle Rock: Where It All Began,1983,DVD,045986258007,tt0085017,80,Jim Henson,false,,
Bag Facaden,2000,DVD,5707020200216,tt0161081,124,Robert Zemeckis,false,,
Drive,2011,DVD,5706710218692,tt0780504,92,Nicolas Winding Refn,false,,
Charles Tante,1959,DVD,5706550090182,tt0052687,98,Poul Bang,false,,
The Brood,1979,DVD,5709624008007,tt0078908,100,David Cronenberg,false,,
Trillingerne Fra Belleville,2003,DVD,5706550034445,tt0286244,77,Sylvain Chomet,false,,
Dances with Wolves,1990,DVD,5706141758873,tt0099348,173,Kevin Costner,false,,
Twin Peaks: The First Season,1990,DVD,9324915053120,tt0098936,411,David Lynch,false,,
The Insider,1999,DVD,717951007391,tt0140352,158,Michael Mann,false,,
Lucky Luke - Billy The Kid / Karavanen,1983,DVD,5709624009677,tt0000000,50,René Goscinny,false,,
Peter Plys,1977,DVD,8717418347413,tt0076363,71,John Lounsbery,false,,
Delicatessen,1992,DVD,5060021175403,tt0101700,95,Marc Caro,false,,
The Doors,1991,DVD,5050582121247,tt0101761,135,Oliver Stone,false,,
Dead Man Walking,1995,DVD,5706102334085,tt0112818,117,Tim Robbins,false,,
Okay,2002,DVD,5706102356162,tt0291395,94,Jesper W. Nielsen,false,,
Escape from New York,1981,4K Ultra HD,5055201841957,tt0082340,99,John Carpenter,false,,
Asterix DVD Collection,1900,DVD,5708758656863,tt0000000,436,,false,,
Asterix - Operation Bautasten,1989,DVD,000000000000,tt0096842,76,Philippe Grimond,false,,
Asterix Og Kleopatra,1968,DVD,000000000000,tt0062687,69,René Goscinny,false,,
Asterix Og Briterne,1986,DVD,000000000000,tt0090667,75,Pino Van Lamsweerde,false,,
Asterix - Sejren Over Cæsar,1985,DVD,000000000000,tt0088748,73,Gaëtan Brizzi,false,,
Asterix Og Hans Gæve Gallere,1967,DVD,000000000000,tt0061369,65,Ray Goossens,false,,
Asterix Indta'r Rom,1975,DVD,000000000000,tt0072901,78,René Goscinny,false,,
Asterix og Vikingerne,2006,DVD,5706710215738,tt0371552,75,Stefan Fjeldmark,false,,
High School Musical,2006,DVD,8717418096274,tt0475293,97,Kenny Ortega,false,,
High School Musical 2,2007,DVD,8717418125981,tt0810900,106,Kenny Ortega,false,,
Støv for alle pengene,1963,DVD,5708758691116,tt0057539,92,Poul Bang,false,,
Terminator 2: Judgment Day,1991,DVD,5709624011458,tt0103064,131,James Cameron,false,,
Nana,1985,DVD,5708758657006,tt0241120,154,Anette Pilmark,false,,
Dumbo,1941,DVD,8717418233211,tt0033563,61,Samuel Armstrong,false,,
De Utrolige,2004,DVD,7393834500208,tt0317705,115,Brad Bird,false,,
Antz,1998,DVD,7332505000012,tt0120587,80,Eric Darnell,false,,
Shrek 2,2004,DVD,7332505000418,tt0298148,89,Andrew Adamson,false,,
Grusomme Mig,2010,DVD,5050582783858,tt1323594,90,Pierre Coffin,false,,
Det regner med frikadeller 2: Madkampen,2013,DVD,5051159324016,tt1985966,95,Cody Cameron,false,,
The Wolf of Wall Street,2013,DVD,5050582975048,tt0993846,172,Martin Scorsese,false,,
Takeshi Kitano Collection,1900,DVD,5709498206165,tt0000000,0,,false,,
Ichi the Killer,2001,DVD,5709624009974,tt0296042,123,Takashi Miike,false,,
Akira,1988,DVD,5022366201247,tt0094625,128,Katsuhiro Ôtomo,false,,
The Ring,1997,DVD,5706102355783,tt0178868,96,Hideo Nakata,false,,
Boiling Point,1990,DVD,5709498010397,tt0098967,93,Takeshi Kitano,false,,
Violent Cop,1989,DVD,5709498010380,tt0098360,87,Takeshi Kitano,false,,
Sonatine,1993,DVD,5709498010403,tt0108188,90,Takeshi Kitano,false,,
Braindead,1992,DVD,5709624008526,tt0103873,99,Peter Jackson,false,,
Signs,2002,DVD,7393834265008,tt0286106,102,M. Night Shyamalan,false,,
Persepolis,2007,Blu-ray,043396256125,tt0808417,95,Vincent Paronnaud,false,,
House of Flying Daggers,2004,DVD,5706550034971,tt0385004,139,Yimou Zhang,false,,
The Twilight Saga Trilogy,1900,DVD,5708758691154,tt0000000,426,,false,,
The Twilight Saga: Breaking Dawn: Part 2,2012,DVD,5708758693943,tt1673434,155,Bill Condon,false,,
The Twilight Saga: Breaking Dawn: Part 1,2011,DVD,5708758690324,tt1324999,112,Bill Condon,false,,
The Ice Storm,1997,DVD,024543012245,tt0119349,114,Ang Lee,false,,
Fear X,2002,DVD,5708758648479,tt0289944,88,Nicolas Winding Refn,false,,
Europe Trilogy,1900,DVD,5707708000046,tt0000000,312,,false,,
Hypnotic Features,2006,DVD,000000000000,tt0000000,270,,false,,
Element of Crime,1984,DVD,000000000000,tt0087280,100,Lars Von Trier,false,,
Epidemic,1987,DVD,000000000000,tt0092972,104,Lars Von Trier,false,,
Europa,1991,DVD,000000000000,tt0101829,108,Lars Von Trier,false,,
Riget I & II,2003,DVD,5707708000039,tt0108906,575,Lars Von Trier,false,,
The French Connection / French Connection II,1900,DVD,5039036015707,tt0000000,213,,false,,
The French Connection,1971,DVD,000000000000,tt0067116,99,William Friedkin,false,,
French Connection II,1975,DVD,000000000000,tt0073018,114,John Frankenheimer,false,,
Time Bandits,1981,DVD,5709624004658,tt0081633,125,Terry Gilliam,false,,
Kids,1995,DVD,031398751823,tt0113540,91,Larry Clark,false,,
The Right Stuff,1983,DVD,883929076093,tt0086197,193,Philip Kaufman,false,,
The Hitchcock Collection,1900,DVD,0044007849620,tt0000000,833,,false,,
The Birds,1963,DVD,000000000000,tt0056869,115,Alfred Hitchcock,false,,
Marnie,1964,DVD,000000000000,tt0058329,124,Alfred Hitchcock,false,,
Frenzy,1972,DVD,000000000000,tt0068611,111,Alfred Hitchcock,false,,
Vertigo,1958,DVD,000000000000,tt0052357,123,Alfred Hitchcock,false,,
Family Plot,1976,DVD,000000000000,tt0074512,115,Alfred Hitchcock,false,,
Torn Curtain,1966,DVD,000000000000,tt0061107,121,Alfred Hitchcock,false,,
Topaz,1969,DVD,000000000000,tt0065112,136,Alfred Hitchcock,false,,
Convoy,1978,DVD,5709624005334,tt0077369,104,Sam Peckinpah,false,,
The Godfather DVD Collection,1900,DVD,5014437812834,tt0000000,710,,false,,
The Godfather DVD Collection: Bonus Material,2001,DVD,000000000000,tt0000000,187,Francis Ford Coppola,false,,
The Godfather: Part III,1990,DVD,000000000000,tt0099674,163,Francis Ford Coppola,false,,
The Godfather: Part II,1974,DVD,000000000000,tt0071562,192,Francis Ford Coppola,false,,
The Godfather,1972,DVD,000000000000,tt0068646,168,Francis Ford Coppola,false,,
Prometheus,2012,4K Ultra HD,7340112738358,tt1446714,124,Ridley Scott,false,,
Full Metal Jacket,1987,4K Ultra HD,7333018017214,tt0093058,117,Stanley Kubrick,false,,
Retfærdighedens ryttere,2020,Blu-ray,5708758725538,tt11655202,116,Anders Thomas Jensen,false,,
No Country for Old Men,2007,Blu-ray,786936750034,tt0477348,122,Ethan Coen,false,,
Akira,1988,4K Ultra HD,5022366959445,tt0094625,125,Katsuhiro Ôtomo,false,,
Aliens,1986,4K Ultra HD,7333018030329,tt0090605,137,James Cameron,false,,
The Abyss,1989,4K Ultra HD,7333018030312,tt0096754,140,James Cameron,false,,
The Endless Summer,1966,Blu-ray,5028836040743,tt0060371,0,Bruce Brown,false,,
The Thing,1982,4K Ultra HD,7333018019379,tt0084787,109,John Carpenter,false,,
Memories of Murder / Mother / Barking Dogs Never Bite,1900,DVD,7350007156082,tt0000000,0,,false,,
Planet Earth: The Complete Series,2007,Blu-ray,794051400123,tt0795176,550,Alastair Fothergill,false,,
Tremors,1990,Blu-ray,5050582793635,tt0100814,96,Ron Underwood,false,,
Magic Mike,2012,Blu-ray,5051895230817,tt1915581,110,Steven Soderbergh,false,,
Hellboy,2004,Blu-ray,5050629485615,tt0167190,132,Guillermo del Toro,false,,
Kung Fu Hustle,2004,Blu-ray,5050629642315,tt0373074,99,Stephen Chow,false,,
In the Valley of Elah,2007,Blu-ray,085391189978,tt0478134,121,Paul Haggis,false,,
The Hills Have Eyes,1977,4K Ultra HD,5027035024257,tt0077681,90,Wes Craven,false,,
The Usual Suspects,1995,DVD,5706102334122,tt0114814,102,Bryan Singer,false,,
Mystic River,2003,DVD,7321979277211,tt0327056,132,Clint Eastwood,false,,
The Shining,1980,4K Ultra HD,7340112750756,tt0081505,144,Stanley Kubrick,false,,
The Big Lebowski,1998,4K Ultra HD,5053083141066,tt0118715,117,Joel Coen,false,,
Blade Runner,1982,4K Ultra HD,7340112740757,tt0083658,117,Ridley Scott,false,,
Jaws,1975,4K Ultra HD,5053083213381,tt0073195,124,Steven Spielberg,false,,
Alien: Covenant,2017,4K Ultra HD,7340112740467,tt2316204,0,Ridley Scott,false,,
Top Gun,1986,4K Ultra HD,7340112752729,tt0092099,109,Tony Scott,false,,
Alien,1979,4K Ultra HD,5039036092432,tt0078748,116,Ridley Scott,false,,
Die Hard,1988,4K Ultra HD,7340112746759,tt0095016,132,John McTiernan,false,,
Prince of Darkness,1987,4K Ultra HD,5055201842107,tt0093777,102,John Carpenter,false,,
Valiant,2005,DVD,5706101559199,tt0361089,72,Gary Chapman,false,,
Madagascar,2005,DVD,7332505000173,tt0351283,82,Eric Darnell,false,,
Madagasgar 2,2008,DVD,7332505001354,tt0479952,0,Eric Darnell,false,,
Ice Age 2 - På Tynd Is,2006,DVD,5707020000458,tt0438097,87,Carlos Saldanha,false,,
Ice Age,2002,DVD,5707020222362,tt0268380,78,Chris Wedge,false,,
Lassie,2005,DVD,5706885216486,tt0431213,100,Charles Sturridge,false,,
The Mist,2007,Blu-ray,5705535036344,tt0884328,126,Frank Darabont,false,,
Byggemand Bob - Kan du fikse den Bob,2007,DVD,5706710034087,tt0000000,50,,false,,
The Addams Family 2,2021,Blu-ray,7333018021716,tt11125620,93,Laura Brousseau,false,,
Cocaine Bear,2023,Blu-ray,7333018026872,tt14209916,95,Elizabeth Banks,false,,
Halloween II,2009,Blu-ray,5705535041010,tt1311067,118,Rob Zombie,false,,
Frankenweenie,2012,Blu-ray,8717418373689,tt1142977,87,Tim Burton,false,,
Monsters vs. Aliens,2009,Blu-ray,7332431994911,tt0892782,94,Rob Letterman,false,,
Den Eventyrlige Park,2019,Blu-ray,7340112749682,tt6428676,85,Dylan Brown,false,,
True Grit,2010,Blu-ray,7332431035935,tt1403865,110,Ethan Coen,false,,
Game Night,2018,Blu-ray,7340112744502,tt2704998,100,Jonathan Goldstein,false,,
Invasion of the Body Snatchers,1978,4K Ultra HD,5027035027968,tt0077745,115,Philip Kaufman,false,,
Ghost in the Shell,1995,4K Ultra HD,5022366961240,tt0113568,83,Mamoru Oshii,false,,
The Possession,2012,Blu-ray,5708758691659,tt0431021,92,Ole Bornedal,false,,
Donnie Darko,2001,4K Ultra HD,5027035024035,tt0246578,133,Richard Kelly,false,,
Videodrome,1983,DVD,715515015424,tt0086541,89,David Cronenberg,false,,
Dyrene i Hakkebakkeskoven,2016,Blu-ray,7333018009059,tt4730838,76,Rasmus A. Sivertsen,false,,
Alien: Romulus,2024,4K Ultra HD,7333018032026,tt18412256,119,Fede Alvarez,false,,
The Breakfast Club,1985,Blu-ray,5053083163099,tt0088847,97,John Hughes,false,,
Doomsday,2008,Blu-ray,5706140595516,tt0483607,108,Neil Marshall,false,,
Beasts of the Southern Wild,2012,Blu-ray,5055201822833,tt2125435,93,Benh Zeitlin,false,,
Pretty Woman,1990,DVD,7393834146703,tt0100405,115,Garry Marshall,false,,
Cloverfield,2007,DVD,7332431029804,tt1060277,81,Matt Reeves,false,,
Nådeløs Hævn,2009,DVD,5705535039383,tt1197624,104,F. Gary Gray,false,,
Kellys helte,1970,DVD,7321979651561,tt0065938,138,Brian G. Hutton,false,,
Paw Patrol: The Mighty MoviePAW Patrol: The Mighty Movie,2023,Blu-ray,7333018028852,tt15837338,0,Cal Brunker,false,,
The Zone of Interest,2023,Blu-ray,7333018029156,tt7160372,95,Jonathan Glazer,false,,
Poor Things,2023,Blu-ray,7333018030145,tt14230458,142,Yorgos Lanthimos,false,,
Mænd & Høns,2015,Blu-ray,5709165727429,tt3877674,104,Anders Thomas Jensen,false,,
Adams æbler,2005,Blu-ray,5709165527425,tt0418455,90,Anders Thomas Jensen,false,,
De grønne slagtere,2003,Blu-ray,5709165567421,tt0342492,95,Anders Thomas Jensen,false,,
Blinkende lygter,2000,Blu-ray,5709165487422,tt0236027,109,Anders Thomas Jensen,false,,
The Dark Knight Rises,2012,Blu-ray,5051895228876,tt1345836,165,Christopher Nolan,false,,
The Dark Knight,2008,Blu-ray,5051895000694,tt0468569,153,Christopher Nolan,false,,
The Hangover: Part II,2011,Blu-ray,5051895087657,tt1411697,102,Todd Phillips,false,,
The Hangover,2009,Blu-ray,5051895026212,tt1119646,109,Todd Phillips,false,,
Texas Killing Fields,2011,Blu-ray,5706140584039,tt1389127,104,Ami Canaan Mann,false,,
Blå Mænd,2008,Blu-ray,5706103897527,tt1110209,80,Rasmus Heide,false,,
Iron Man 2,2010,Blu-ray,7332431995833,tt1228705,124,Jon Favreau,false,,
The A-Team,2010,Blu-ray,5704028420080,tt0429493,119,Joe Carnahan,false,,
Apollo 13,1995,Blu-ray,5050582606867,tt0112384,140,Ron Howard,false,,
The Place Beyond the Pines,2012,DVD,5706141780508,tt1817273,135,Derek Cianfrance,false,,
Rejsen Til Saturn,2008,Blu-ray,5708758678162,tt1095423,89,Thorbjørn Christoffersen,false,,
Die Hard 4.0,2007,Blu-ray,5704028355610,tt0337978,125,Len Wiseman,false,,
Drop Zone,1994,DVD,7393805273469,tt0109676,82,John Badham,false,,
Cop Land,1997,DVD,5703976154931,tt0118887,101,James Mangold,false,,
Event Horizon,1997,Blu-ray,7332431994409,tt0119081,96,Paul W.S. Anderson,false,,
The Fly,1986,Blu-ray,024543427896,tt0091064,95,David Cronenberg,false,,
Nattevagten 2: Dæmoner Går I Arv,2023,Blu-ray,5708758726559,tt6318608,114,Ole Bornedal,false,,
Brüno,2009,DVD,5708758671828,tt0889583,78,Larry Charles,false,,
Nightcrawler,2014,DVD,5705535052412,tt2872718,113,Dan Gilroy,false,,
De Fortabte Sjæles Ø,2007,DVD,5708758666510,tt0466449,100,Nikolaj Arcel,false,,
Ricky Gervais Live 3: Fame,2007,DVD,5050582495386,tt0993779,78,Dominic Brigstocke,false,,
The X-Files: Fight the Future,1998,DVD,5707020000793,tt0120902,118,Rob Bowman,false,,
"I, Robot",2004,DVD,5039036018807,tt0343818,109,Alex Proyas,false,,
Burn After Reading,2008,DVD,5706710216735,tt0887883,82,Ethan Coen,false,,
Otto er et næsehorn,1983,DVD,5708758689274,tt0086064,83,Rumle Hammerich,false,,
Paul,2011,DVD,5050582852578,tt1092026,99,Greg Mottola,false,,
Anchorman: The Legend Of Ron Burgundy,2004,DVD,5051188122737,tt0357413,90,Adam McKay,false,,
Dodgeball,2004,DVD,5707020250143,tt0364725,89,Rawson Marshall Thurber,false,,
Casino,1995,DVD,5050582341850,tt0112641,171,Martin Scorsese,false,,
Klovn The Movie,2010,DVD,5708758686341,tt1680136,90,Mikkel Nørgaard,false,,
Klovn Forever,2015,Blu-ray,5708758709736,tt4585660,100,Mikkel Nørgaard,false,,
Highlander,1986,DVD,5709624005419,tt0091203,111,Russell Mulcahy,false,,
Dirch Passer box nr. 4,2009,DVD,5706107124919,tt0000000,285,Lau Lauritzen,false,,
Spioner på Missioner,2019,Blu-ray,7340112752804,tt5814534,102,Nick Bruno,false,,
Kill Bill: Vol. 2,2004,DVD,7332421017675,tt0378194,136,Quentin Tarantino,false,,
Kill Bill: Volume 1,2003,DVD,7332421016074,tt0266697,111,Quentin Tarantino,false,,
Det femte element,1997,Blu-ray,5704028218137,tt0119116,126,Luc Besson,false,,
2012,2009,Blu-ray,5051159265272,tt1190080,158,Roland Emmerich,false,,
Tropic Thunder,2008,DVD,7332504002475,tt0942385,102,Ben Stiller,false,,
Mississippi Burning,1988,DVD,5050070007176,tt0095647,121,Alan Parker,false,,
Meet the Parents / Meet the Fockers,2000,DVD,7332504002536,tt0000000,223,Jay Roach,false,,
The Frozen Ground,2013,DVD,5705535048422,tt2005374,100,Scott Walker,false,,
The Day The Earth Stood Still,2008,DVD,5707020363041,tt0970416,98,Scott Derrickson,false,,
Crazy Heart,2009,DVD,5707020418468,tt1263670,112,Scott Cooper,false,,
The Terminator,1984,DVD,5707020159170,tt0088247,103,James Cameron,false,,
Chinatown,1974,DVD,7332431027572,tt0071315,125,Roman Polanski,false,,
Priest,2011,Blu-ray,5051159286390,tt0822847,87,Scott Stewart,false,,
Ready Player One,2018,Blu-ray,7340112744540,tt1677720,139,Steven Spielberg,false,,
Sunshine,2007,Blu-ray,5704028323053,tt0448134,107,Danny Boyle,false,,
"The Good, the Bad and the Ugly",1966,4K Ultra HD,5027035027487,tt0060196,162,Sergio Leone,false,,
Stranger than Fiction,2006,DVD,043396154070,tt0420223,113,Marc Forster,false,,
Session 9,2001,DVD,7391772368966,tt0261983,100,Brad Anderson,false,,
Hot Fuzz,2007,DVD,5050582504545,tt0425112,116,Edgar Wright,false,,
The World's End,2013,DVD,5050582971989,tt1213663,104,Edgar Wright,false,,
Shaun of The Dead,2004,DVD,5050582279887,tt0365748,96,Edgar Wright,false,,
The X Files: The Complete Collection,1993,DVD,7340112710514,tt0106179,0,Kim Manners,false,,
Dallas Buyers Club,2013,DVD,5705535050272,tt0790636,111,Jean-Marc Vallée,false,,
The Day After Tomorrow,2004,Blu-ray,5704028000138,tt0319262,124,Roland Emmerich,false,,
Point Break,1991,DVD,5706141763129,tt0102685,120,Kathryn Bigelow,false,,
The Grand Budapest Hotel,2014,DVD,7340112711009,tt2278388,96,Wes Anderson,false,,
Bottle Rocket,1996,DVD,5051162308713,tt0115734,0,Wes Anderson,false,,
The Darjeeling Limited,2007,DVD,5707020362785,tt0838221,88,Wes Anderson,false,,
Moonrise Kingdom,2012,DVD,5705535046077,tt1748122,90,Wes Anderson,false,,
The Hunger Games: Mockingjay - Part 2,2015,DVD,5708758709781,tt1951266,131,Francis Lawrence (II),false,,
The Hunger Games,2012,DVD,5708758690362,tt1392170,137,Gary Ross,false,,
The Hunger Games: Mockingjay - Part 1,2014,DVD,5708758706193,tt1951265,118,Francis Lawrence (II),false,,
The Hunger Games: Catching Fire,2013,DVD,5708758699167,tt1951264,140,Francis Lawrence (II),false,,
Nymph()maniac - Director's cut,2013,DVD,5708758709521,tt1937390,312,Lars Von Trier,false,,
The Theory of Everything,2014,Blu-ray,5053083041700,tt2980516,123,James Marsh,false,,
Amélie,2001,DVD,5706102356650,tt0211915,116,Jean-Pierre Jeunet,false,,
Insomnia,2002,DVD,7393834282500,tt0278504,113,Christopher Nolan,false,,
Nosferatu,2024,Blu-ray,7333018032767,tt5040012,132,Robert Eggers,false,,
Beetlejuice Beetlejuice,2024,Blu-ray,7333018031715,tt2049403,105,Tim Burton,false,,
Guldregn,1988,DVD,5706550004233,tt0093127,96,Søren Kragh-Jacobsen,false,,
Starship Troopers,1997,DVD,7393834139408,tt0120201,125,Paul Verhoeven,false,,
I Kina spiser de hunde,1999,DVD,5706102347429,tt0180748,91,Lasse Spang Olsen,false,,
The Prestige,2006,DVD,7321970106473,tt0482571,125,Christopher Nolan,false,,
Doom,2005,DVD,5050582390056,tt0419706,108,Andrzej Bartkowiak,false,,
The Strangers,2008,DVD,5704897016704,tt0482606,85,Bryan Bertino,false,,
Ternet Ninja 3,2025,Blu-ray,5708758727297,tt32635378,84,Thorbjørn Christoffersen,false,,
Lost In Translation,2003,DVD,7321939235541,tt0335266,99,Sofia Coppola,false,,
En ny dag truer,1993,DVD,5050582128468,tt0107048,97,Harold Ramis,false,,
Shrek,2001,DVD,7332505000371,tt0126029,90,Andrew Adamson,false,,
Hero,2002,DVD,5706550034209,tt0299977,94,Yimou Zhang,false,,
Biler,2006,DVD,8717418072971,tt0317219,116,John Lasseter,false,,
Det Regner med Frikadeller,2009,DVD,5051159270115,tt0844471,86,Phil Lord,false,,
Alvin og de frække jordegern 2,2009,DVD,5707020417126,tt1231580,100,Betty Thomas,false,,
12 Angry Men,1957,DVD,5050070005172,tt0050083,92,Sidney Lumet,false,,
Stargate,1994,DVD,5706551032648,tt0111282,124,Roland Emmerich,false,,
Forgotten Silver,1995,DVD,5709624008106,tt0116344,53,Costa Botes,false,,
Frækkere end politiet tillader II,1987,DVD,7312065000660,tt0092644,99,Tony Scott,false,,
Die Hard: Mega Hard,1994,DVD,7393834221806,tt0112864,123,John McTiernan,false,,
ACE VENTURA 1 + 2,1994,DVD,5708758680851,tt0000000,193,Tom Shadyac,false,,
Constantine,2005,DVD,7321979389426,tt0360486,116,Francis Lawrence,false,,
The Blind Side,2009,DVD,5051895041369,tt0878804,123,John Lee Hancock,false,,
Winter's Bone,2010,DVD,5705535042185,tt1399683,96,Debra Granik,false,,
Dawn of the Dead,2004,DVD,5708758656948,tt0363547,105,Zack Snyder,false,,
The X-Files: I Want To Believe,2008,DVD,5707020396995,tt0443701,104,Chris Carter,false,,
X-Men Trilogy,2000,DVD,5707020331453,tt0000000,332,Brett Ratner,false,,
Frækkere end politiet tillader,1984,DVD,7312065000615,tt0086960,101,Martin Brest,false,,
The Social Network,2010,DVD,5051159278913,tt1285016,115,David Fincher,false,,
It,1990,Blu-ray,5051895405819,tt0099864,187,Tommy Lee Wallace,false,,
Pulp Fiction,1994,4K Ultra HD,5056453207218,tt0110912,155,Quentin Tarantino,false,,
Den Sidste Viking,2025,Blu-ray,5708758727334,tt27817389,111,Anders Thomas Jensen,false,,
The Autopsy of Jane Doe,2016,Blu-ray,7333018007505,tt3289956,86,André Øvredal,false,,
Harry Potter: Complete 8-film collection,1900,Blu-ray,5051895405222,tt0000000,1118,,false,,
Harry Potter and the Deathly Hallows: Part 2,2011,Blu-ray,000000000000,tt1201607,130,David Yates,false,,
Harry Potter and the Sorcerer's Stone,2001,Blu-ray,000000000000,tt0241527,152,Chris Columbus,false,,
Harry Potter and the Prisoner of Azkaban,2004,Blu-ray,000000000000,tt0304141,141,Alfonso Cuarón,false,,
Harry Potter and the Deathly Hallows: Part 1,2010,Blu-ray,000000000000,tt0926084,146,David Yates,false,,
Harry Potter and the Order of the Phoenix,2007,Blu-ray,000000000000,tt0373889,138,David Yates,false,,
Harry Potter and the Chamber of Secrets,2002,Blu-ray,000000000000,tt0295297,160,Chris Columbus,false,,
Harry Potter and the Half-Blood Prince,2009,Blu-ray,000000000000,tt0417741,153,David Yates,false,,
Harry Potter and the Goblet of Fire,2005,Blu-ray,000000000000,tt0330373,157,Mike Newell,false,,
Hatchet,2006,DVD,5050582514520,tt0422401,81,Adam Green,false,,
True Detective: The Complete First Season,2014,DVD,5051895321317,tt2356777,438,Cary Fukunaga,false,,
Skyfall,2012,Blu-ray,5704028551135,tt1074638,143,Sam Mendes,false,,
Star Wars,1900,DVD,7340112723729,tt0000000,0,,false,,
Bruce den almægtige,2003,DVD,5706710212799,tt0315327,97,Tom Shadyac,false,,
Minority Report,2002,DVD,5707020209189,tt0181689,141,Steven Spielberg,false,,
I Am Legend,2007,DVD,7321970294484,tt0480249,96,Francis Lawrence (II),false,,
Dödligt Vapen 2,1989,DVD,7321937162900,tt0097733,114,Richard Donner,false,,
Dødbringende våben,1987,DVD,7321979162890,tt0093409,117,Richard Donner,false,,
Manden Med Plæneklipperen,1992,DVD,5706101561031,tt0104692,141,Brett Leonard,false,,
Black Swan,2010,DVD,5707020501917,tt0947798,104,Darren Aronofsky,false,,
The Notebook,2004,DVD,5706710214458,tt0332280,123,Nick Cassavetes,false,,
Starsky & Hutch,2004,DVD,7393834443802,tt0335438,96,Todd Phillips,false,,
Hobbitten - En uventet Rejse,2012,DVD,5706710217152,tt0903624,166,Peter Jackson,false,,
Golfbanens Skræk,1996,DVD,5050582044812,tt0116483,88,Dennis Dugan,false,,
The Mask,1994,DVD,5706550006893,tt0110475,97,Chuck Russell,false,,
Grusomme mig 2,2013,DVD,5050582949117,tt1690953,94,Pierre Coffin,false,,
Biler 2,2011,DVD,8717418311599,tt1216475,106,John Lasseter,false,,
Min Skøre Familie Robinson,2007,DVD,8717418106003,tt0396555,91,Stephen J. Anderson,false,,
Robotter,2005,DVD,5707020242346,tt0358082,86,Chris Wedge,false,,
Arthur og Maltazar's Hævn,2009,DVD,5706102394430,tt0940657,90,Luc Besson,false,,
Arthur 3: De To Verdener,2010,DVD,5706102383458,tt0940656,140,Luc Besson,false,,
Arthur og minimoyserne,2006,Blu-ray,5706100589432,tt0344854,103,Luc Besson,false,,
Horton og støvfolket hvem!,2008,DVD,5707020362761,tt0451079,88,Jimmy Hayward,false,,
Præriens skrappe drenge,1970,DVD,5706102328381,tt0124843,95,Carl Ottosen,false,,
Monsters University,2013,DVD,8717418403539,tt1453405,99,Dan Scanlon,false,,
Olsen Banden: Junior,2001,DVD,5708758644884,tt0296788,82,Peter Flinth,false,,
Sandtrolden,2004,DVD,5706102361227,tt0366450,85,John Stephenson,false,,
De Frygtløse - The muuhvie,2004,DVD,7393834481309,tt0299172,73,Will Finn,false,,
Frost,2013,DVD,8717418415969,tt2294629,90,Jennifer Lee,false,,
Trolls,2016,DVD,5053083148829,tt1679335,0,Walt Dohrn,false,,
To På Flugt,2010,DVD,8717418280376,tt0398286,96,Nathan Greno,false,,
Waterworld,1995,DVD,3259190304895,tt0114898,136,Kevin Reynolds,false,,
Band Of Brothers,2001,DVD,7321979251761,tt0185906,603,David Frankel,false,,
Fun with Dick and Jane,2005,DVD,5051159183217,tt0369441,87,Dean Parisot,false,,
The 40 Year Old Virgin,2005,DVD,5050582400977,tt0405422,127,Judd Apatow,false,,
Mig og Mama-Mia,1989,DVD,5708758652193,tt0098443,83,Erik Clausen,false,,
Beverly Hills Purk III,1994,DVD,7312065000776,tt0109254,100,John Landis,false,,
Blade: Trinity,2004,DVD,5706710214502,tt0359013,108,David S. Goyer,false,,
Terkel i Knibe,2004,DVD,5708758652384,tt0386820,77,Kresten Vestbjerg Andersen,false,,
Vi Lever,1993,DVD,7393805006869,tt0106246,121,Frank Marshall,false,,
Rogue One: A Star Wars Story,2016,Blu-ray,8717418499785,tt3748528,133,Gareth Edwards,false,,
The Blob,1988,4K Ultra HD,826663241211,tt0094761,95,Chuck Russell,false,,
Pandorum,2009,DVD,5706710220947,tt1188729,103,Christian Alvart,false,,
In the Mouth of Madness,1994,DVD,888574446192,tt0113409,95,John Carpenter,false,,
The Devil's Rejects,2005,DVD,5708758666428,tt0395584,104,Rob Zombie,false,,
Zombieland,2009,DVD,5051159268013,tt1156398,84,Ruben Fleischer,false,,
Dunkirk,2017,DVD,7340112740146,tt5013056,102,Christopher Nolan,false,,
The Fugitive,1993,Blu-ray,5051895034217,tt0106977,130,Andrew Davis,false,,
The Boy,2016,Blu-ray,5705535057226,tt3882082,97,William Brent Bell,false,,
The Eye,2008,Blu-ray,5706100594238,tt0406759,97,David Moreau,false,,
Megamind,2010,Blu-ray,7332504002963,tt1001526,95,Tom McGrath,false,,
Apollo 13,1995,DVD,5050582595499,tt0112384,135,Ron Howard,false,,
Saving Private Ryan,1998,Blu-ray,7332431995697,tt0120815,169,Steven Spielberg,false,,
The Game,1997,DVD,7393834223008,tt0119174,123,David Fincher,false,,
Big,1988,Blu-ray,7340112706050,tt0094737,104,Penny Marshall,false,,
Pusher,1996,DVD,5708758650984,tt0117407,106,Nicolas Winding Refn,false,,
Centervagten,2009,Blu-ray,5051159252272,tt1114740,91,Steve Carr,false,,
Den komplette Stieg Larsson Millennium Trilogi,2009,DVD,5708758679572,tt0000000,540,Daniel Alfredson,false,,
The Secret Life of Walter Mitty,2013,Blu-ray,7340112709785,tt0359950,114,Ben Stiller,false,,
Vågen,2015,DVD,7332421062941,tt3616916,101,Roar Uthaug,false,,
Hellboy II: The Golden Army,2008,DVD,5050582584240,tt0411477,114,Guillermo del Toro,false,,
The Revenant,2015,DVD,7340112726492,tt1663202,150,Alejandro G. Iñárritu,false,,
Natt på museet,2006,DVD,7391772312242,tt0477347,102,Shawn Levy,false,,
Ghostbusters 2,1989,DVD,5051162108313,tt0097428,104,Ivan Reitman,false,,
Matrix,1999,Blu-ray,5051895033746,tt0133093,138,Andy Wachowski,false,,
Eden Lake,2008,Blu-ray,7319980045776,tt1020530,92,James Watkins,false,,
Batman Begins,2005,Blu-ray,7321948115216,tt0372784,139,Christopher Nolan,false,,
Contagion,2011,Blu-ray,5051895125823,tt1598778,106,Steven Soderbergh,false,,
Gremlins,1984,Blu-ray,5051895034743,tt0087363,106,Joe Dante,false,,
Big Hero 6,2014,Blu-ray,8717418450328,tt2245084,102,Don Hall,false,,
Blade II,2002,DVD,5706710213390,tt0187738,112,Guillermo del Toro,false,,
Spring Breakers,2012,DVD,5706710150244,tt2101441,90,Harmony Korine,false,,
Sin City,2005,DVD,5706885215953,tt0401792,119,Frank Miller,false,,
Spider-Man,2002,DVD,5708758645256,tt0145487,116,Sam Raimi,false,,
Hobbitten: Dragen Smaugs Ødemark,2013,Blu-ray,5704028039985,tt1170358,161,Peter Jackson,false,,
The Hobbit: The Battle of the Five Armies,2014,Blu-ray,7333018003415,tt2310332,164,Peter Jackson,false,,
Alice i eventyrland,2010,Blu-ray,8717418233679,tt1014759,108,Tim Burton,false,,
Insidious,2010,Blu-ray,5704001218604,tt1591095,0,James Wan,false,,
A Nightmare on Elm Street Collection,1900,DVD,5051895079515,tt0000000,600,,false,,
Freddy's Dead: The Final Nightmare,1991,DVD,000000000000,tt0101917,107,Rachel Talalay,false,,
A Nightmare on Elm Street Part 2: Freddy's Revenge,1985,DVD,000000000000,tt0089686,81,Jack Sholder,false,,
A Nightmare on Elm Street 3: Dream Warriors,1987,DVD,000000000000,tt0093629,96,Chuck Russell,false,,
A Nightmare on Elm Street,1984,DVD,000000000000,tt0087800,87,Wes Craven,false,,
A Nightmare on Elm Street: The Dream Childd,1989,DVD,000000000000,tt0097981,85,Stephen Hopkins,false,,
Wes Craven`s New Nightmare,1994,DVD,000000000000,tt0111686,107,Wes Craven,false,,
A Nightmare on Elm Street 4: The Dream Master,1988,DVD,000000000000,tt0095742,85,Renny Harlin,false,,
Sådan Træner du din Drage,2010,DVD,7340112715267,tt0892769,94,Dean Deblois,false,,
Howling III / Howling IV / Howling V / The Night Caller,1900,DVD,5705625024701,tt0000000,374,,false,,
Resident Evil: Extinction,2007,DVD,5051159218414,tt0432021,90,Russell Mulcahy,false,,
Darkness Falls,2003,DVD,5706710213987,tt0282209,82,Jonathan Liebesman,false,,
Shutter Island,2010,Blu-ray,7332431995758,tt1130884,138,Martin Scorsese,false,,
Ratatouille,2007,Blu-ray,8717418303679,tt0382932,111,Brad Bird,false,,
Nattevagten,1994,Blu-ray,8717418384432,tt0110631,107,Ole Bornedal,false,,
Over hækken,2006,DVD,7332505000258,tt0327084,80,Tim Johnson,false,,
Antichrist,2009,DVD,5706710009818,tt0870984,104,Lars Von Trier,false,,
Schindler's List,1993,Blu-ray,5050582937800,tt0108052,195,Steven Spielberg,false,,
Zero Dark Thirty,2012,Blu-ray,5050582932461,tt1790885,157,Kathryn Bigelow,false,,
Inception,2010,Blu-ray,5051895051641,tt1375666,147,Christopher Nolan,false,,
Halloween,2007,DVD,5708758673037,tt0373883,116,Rob Zombie,false,,
Grusomme Mig 3,2017,DVD,5053083130329,tt3469046,86,Kyle Balda,false,,
"Monsters, Inc.",2001,DVD,7393834189502,tt0198781,88,Pete Docter,false,,
This Is The End,2013,DVD,5051162323112,tt1245492,102,Evan Goldberg,false,,
Pineapple Express,2008,DVD,5051159242914,tt0910936,112,David Gordon Green,false,,
Røvtur på 1. klasse,1987,DVD,7393805211669,tt0093748,89,John Hughes,false,,
U.S. Marshals,1998,DVD,7321979156257,tt0120873,126,Stuart Baird,false,,
Resident Evil,2002,DVD,7393834246304,tt0120804,96,Paul W.S. Anderson,false,,
Gremlins 2: Det nye kuld,1990,DVD,7321979227117,tt0099700,102,Joe Dante,false,,
The Chronicles of Riddick,2004,DVD,5050582274592,tt0296572,114,David Twohy,false,,
Braveheart,1995,DVD,5707020000489,tt0112573,171,Mel Gibson,false,,
Pitch Black,2000,DVD,5706550031994,tt0134847,103,David Twohy,false,,
The Green Mile,1999,DVD,5051895057896,tt0120689,181,Frank Darabont,false,,
Blades of Glory,2007,DVD,7332431027015,tt0445934,89,Will Speck,false,,
Sinister,2012,Blu-ray,5706140580383,tt1922777,109,Scott Derrickson,false,,
Murder on the Orient Express,2017,Blu-ray,7340112742966,tt3402236,114,Kenneth Branagh,false,,
Kong: Skull Island,2017,Blu-ray,7340112738099,tt3731562,119,Jordan Vogt-Roberts,false,,
Rambo - First Blood,1982,DVD,7321939620842,tt0083944,94,Ted Kotcheff,false,,
The Book of Eli,2010,Blu-ray,5051162271970,tt1037705,118,Albert Hughes,false,,
The Conjuring,2013,Blu-ray,5051895249925,tt1457767,111,James Wan,false,,
Looper,2012,Blu-ray,7340059605997,tt1276104,119,Rian Johnson,false,,
Edge Of Tomorrow,2014,Blu-ray,5051895256510,tt1631867,113,Doug Liman,false,,
Sidste Time,1995,DVD,8717418089597,tt0114443,84,Martin Schmidt,false,,
Fury,2014,Blu-ray,5051162338772,tt2713180,134,David Ayer,false,,
Top Gun: Maverick,2022,DVD,7333018023642,tt1745960,125,Joseph Kosinski,false,,
Evolution,2001,DVD,5050582319019,tt0251075,102,Ivan Reitman,false,,
The Amityville Horror,2005,DVD,5706141785763,tt0384806,85,Andrew Douglas,false,,
Machete,2010,DVD,5051159279439,tt0985694,100,Ethan Maniquis,false,,
In Search of Darkness 1990-1994: A Journey Into Iconic '90s Horror,2024,Blu-ray,000000000000,tt29476448,363,David A. Weiner,false,,
Legenden om Jordhavet,2006,DVD,5706102395857,tt0495596,110,Gorô Miyazaki,false,,
L.A. Confidential,1997,DVD,7321979149136,tt0119488,132,Curtis Hanson,false,,
How To Train Your Dragon: The Hidden World,2019,DVD,5053083186968,tt2386490,100,Dean Deblois,false,,
Skatteplaneten,2002,DVD,7393834314003,tt0133240,91,Ron Clements,false,,
Bolt,2008,DVD,8717418195892,tt0397892,96,Byron Howard,false,,
Mads og Mikkel,1981,DVD,8717418098698,tt0082406,79,Jim Kammerud,false,,
Alien vs. Predator,2004,DVD,5707019266810,tt0370263,0,Paul W.S. Anderson,false,,
Virus,1999,DVD,5708758652612,tt0120458,95,John Bruno,false,,
Matrix Revolutions,2003,DVD,7321979332095,tt0242653,129,Andy Wachowski,false,,
Matrix Reloaded,2003,DVD,7321979286480,tt0234215,138,Andy Wachowski,false,,
Watchmen,2009,DVD,7332431032231,tt0409459,155,Zack Snyder,false,,
Coming To America,1988,DVD,7393805061363,tt0094898,112,John Landis,false,,
The Village,2004,DVD,7393834486106,tt0368447,103,M. Night Shyamalan,false,,
Death Proof,2007,DVD,5706710216506,tt0462322,112,Quentin Tarantino,false,,
Deep Blue Sea,1999,DVD,7321979172424,tt0149261,101,Renny Harlin,false,,
Reservoir Dogs: Håndlangerne,1992,DVD,5709624008304,tt0105236,95,Quentin Tarantino,false,,
Quarantine,2008,DVD,5051159247117,tt1082868,86,John Erick Dowdle,false,,
48 Hrs.,1982,DVD,7391658113932,tt0083511,93,Walter Hill,false,,
Bossen og Bumsen,1983,DVD,7312065005559,tt0086465,112,John Landis,false,,
Kædereaktion,1996,DVD,5707020041307,tt0115857,102,Andrew Davis,false,,
Equilibrium,2002,DVD,5708758662796,tt0238380,102,Kurt Wimmer,false,,
Daybreakers,2009,DVD,5708758671675,tt0433362,94,Michael Spierig,false,,
Con Air,1997,DVD,7393834134304,tt0118880,111,Simon West,false,,
G-Force,2009,DVD,9398521016831,tt0436339,85,Hoyt Yeatman,false,,
The Snowman,1982,DVD,5050582919073,tt0084701,26,Dianne Jackson,false,,
Zootropolis,2016,DVD,8717418475840,tt2948356,104,Byron Howard,false,,
Lille Virgil og Orla Frøsnapper,1980,DVD,5706550002222,tt0123153,80,Gert Fredholm,false,,
Børnehjemmet,2007,DVD,5706102398377,tt0464141,102,Juan Antonio Bayona,false,,
The Descent : Nedstigning Til Helvede,2005,DVD,5706710216407,tt0435625,99,Neil Marshall,false,,
The Master,2012,DVD,5705535047326,tt1560747,131,Paul Thomas Anderson,false,,
Blade: The Daywalker,1998,DVD,5706550005216,tt0120611,115,Stephen Norrington,false,,
Planet Terror,2006,DVD,5706710026181,tt1077258,101,Robert Rodriguez,false,,
Resident Evil: Apocalypse,2004,DVD,5051159100818,tt0318627,90,Alexander Witt,false,,
Resident Evil: Afterlife,2010,DVD,5051159277817,tt1220634,97,Paul W.S. Anderson,false,,
Star Wars Trilogy,1900,DVD,5707020272336,tt0000000,275,,false,,
Star Wars V: Imperiet slår igen,1980,DVD,000000000000,tt0080684,124,Irvin Kershner,false,,
Star Wars VI: Jedi ridderen vender tilbage,1983,DVD,000000000000,tt0086190,131,Richard Marquand,false,,
Star Wars Trilogy Bonus DVD,2004,DVD,000000000000,tt0000000,240,George Lucas,false,,
Star Wars IV: Stjernekrigen,1977,DVD,000000000000,tt0076759,120,George Lucas,false,,
The X-Files: Strengt Fortroligt Sæson 2,1994,DVD,5707020211205,tt0106179,1100,Kim Manners,false,,
Predator,1987,Blu-ray,7340112703387,tt0093773,107,John McTiernan,false,,
Marvel's The Avengers,2012,Blu-ray,8717418361235,tt0848228,143,Joss Whedon,false,,
The X-Files: Strengt Fortroligt Sæson 1,1993,DVD,5707020165553,tt0106179,1056,Kim Manners,false,,
